fec49b6d-c04a-42bd-b021-b8b2e5cfb291,1,d53d7256-d44d-4245-bdd2-bfd22943659c,1
fec49b6d-c04a-42bd-b021-b8b2e5cfb291,2,d53d7256-d44d-4245-bdd2-bfd22943659c,2
fec49b6d-c04a-42bd-b021-b8b2e5cfb291,3,d53d7256-d44d-4245-bdd2-bfd22943659c,3
fec49b6d-c04a-42bd-b021-b8b2e5cfb291,4,d53d7256-d44d-4245-bdd2-bfd22943659c,4
fec49b6d-c04a-42bd-b021-b8b2e5cfb291,5,d53d7256-d44d-4245-bdd2-bfd22943659c,5
fec49b6d-c04a-42bd-b021-b8b2e5cfb291,6,d53d7256-d44d-4245-bdd2-bfd22943659c,6
fec49b6d-c04a-42bd-b021-b8b2e5cfb291,7,d53d7256-d44d-4245-bdd2-bfd22943659c,7
fec49b6d-c04a-42bd-b021-b8b2e5cfb291,8,d53d7256-d44d-4245-bdd2-bfd22943659c,8
fec49b6d-c04a-42bd-b021-b8b2e5cfb291,9,d53d7256-d44d-4245-bdd2-bfd22943659c,9
fec49b6d-c04a-42bd-b021-b8b2e5cfb291,10,d53d7256-d44d-4245-bdd2-bfd22943659c,10
fec49b6d-c04a-42bd-b021-b8b2e5cfb291,11,d53d7256-d44d-4245-bdd2-bfd22943659c,11
fec49b6d-c04a-42bd-b021-b8b2e5cfb291,12,d53d7256-d44d-4245-bdd2-bfd22943659c,12
fec49b6d-c04a-42bd-b021-b8b2e5cfb291,13,d53d7256-d44d-4245-bdd2-bfd22943659c,13
fec49b6d-c04a-42bd-b021-b8b2e5cfb291,14,d53d7256-d44d-4245-bdd2-bfd22943659c,14
fec49b6d-c04a-42bd-b021-b8b2e5cfb291,15,d53d7256-d44d-4245-bdd2-bfd22943659c,15
fec49b6d-c04a-42bd-b021-b8b2e5cfb291,16,d53d7256-d44d-4245-bdd2-bfd22943659c,16
fec49b6d-c04a-42bd-b021-b8b2e5cfb291,17,d53d7256-d44d-4245-bdd2-bfd22943659c,17
fec49b6d-c04a-42bd-b021-b8b2e5cfb291,18,d53d7256-d44d-4245-bdd2-bfd22943659c,18
fec49b6d-c04a-42bd-b021-b8b2e5cfb291,19,d53d7256-d44d-4245-bdd2-bfd22943659c,19